title,published,source,sentiment
Bitcoin (BTC) Comes to Central Bank Balance Sheet as CNB Buys - CoinDesk,2025-11-13 13:06:26,https://news.google.com/rss/search?q=bitcoin,0.0
"Bitcoin, Ethereum ETF Operator Grayscale Files to Go Public in US - Decrypt",2025-11-13 14:33:16,https://news.google.com/rss/search?q=bitcoin,0.0
Strategy's Michael Saylor says 'no doubt in my mind' bitcoin will be bigger than gold within a decade - Yahoo Finance,2025-11-13 15:21:28,https://news.google.com/rss/search?q=bitcoin,-0.3612
"China blames US for $13 billion 2020 Bitcoin theft, stealing 127,272 Bitcoins from one of the world's lar - The Times of India",2025-11-12 12:11:00,https://news.google.com/rss/search?q=bitcoin,-0.7506
China Accuses US of Orchestrating $13 Billion Bitcoin Hack - Bloomberg.com,2025-11-11 19:15:21,https://news.google.com/rss/search?q=bitcoin,-0.34
China accuses US of stealing $13 billion in bitcoin hack: Bloomberg - theblock.co,2025-11-11 21:18:45,https://news.google.com/rss/search?q=bitcoin,-0.7269
"US shutdown end spurs recovery in crypto markets; Bitcoin, Ethereum rebound - Business Standard",2025-11-13 06:47:29,https://news.google.com/rss/search?q=bitcoin,0.0
Bitcoin (BTCUSDT) Completing Corrective Wave C üìä - Binance,2025-11-12 15:38:15,https://news.google.com/rss/search?q=bitcoin,0.0
Why Bitcoin (BTC) Price Is Down: Dips Below $101K as US Stocks Sink; Miners Tumble - CoinDesk,2025-11-13 17:16:18,https://news.google.com/rss/search?q=bitcoin,0.0
Popular Crypto Trader Reveals Why Bitcoin Price Is Still Crashing - TradingView,2025-11-13 14:30:50,https://news.google.com/rss/search?q=bitcoin,0.4215
"Bitcoin Price in 'Fall' Phase of 4-Year Cycle, Say Morgan Stanley Strategists - CoinMarketCap",2025-11-12 14:33:48,https://news.google.com/rss/search?q=bitcoin,0.0
Zhimin Qian: Chinese ‚Äòcryptoqueen‚Äô who had royal aspirations jailed in UK over $6.6 billion Bitcoin scam - CNN,2025-11-12 03:30:00,https://news.google.com/rss/search?q=bitcoin,-0.7845
Morgan Stanley warns gold's biggest rival is entering ‚Äòfall season‚Äô - TheStreet,2025-11-12 20:47:00,https://news.google.com/rss/search?q=bitcoin,-0.1027
Strategy Now Worth Less Than Its Bitcoin Stash ‚Äî Is Michael Saylor‚Äôs ‚ÄòNever Sell‚Äô Plan Cracking? - CCN.com,2025-11-13 10:47:15,https://news.google.com/rss/search?q=bitcoin,0.2263
"Bitcoin Price: BTC Live Price Chart, Market Cap & News Today - CoinGecko",2025-11-13 15:53:06,https://news.google.com/rss/search?q=bitcoin,0.0
"Czech central bank buys $1 million in bitcoin, other crypto assets for testing - Reuters",2025-11-13 15:59:50,https://news.google.com/rss/search?q=bitcoin,0.1779
World's largest Bitcoin exchange Coinbase is following Elon Musk's warning and moving headquarters; says: - The Times of India,2025-11-13 12:15:00,https://news.google.com/rss/search?q=bitcoin,-0.34
Bitfarms to Wind Down Bitcoin Mining to Focus on AI Data Centers - Bloomberg.com,2025-11-13 14:57:42,https://news.google.com/rss/search?q=bitcoin,0.0
"New Cash App features let users send and receive stablecoins, pay merchants in Bitcoin - Fortune",2025-11-13 11:03:45,https://news.google.com/rss/search?q=bitcoin,-0.1027
"Bitcoin Retreats to $100,000‚ÄîWhat‚Äôs Next for the Crypto Market? - Morningstar",2025-11-13 17:26:37,https://news.google.com/rss/search?q=bitcoin,0.0
Is Bitcoin Bull Turning Bearish on the Crypto? - Yahoo Finance,2025-11-13 13:45:18,https://news.google.com/rss/search?q=bitcoin,0.0
Bitcoin Death Cross Is Coming: Don‚Äôt Be Fooled By The Name - TradingView,2025-11-13 11:00:34,https://news.google.com/rss/search?q=bitcoin,-0.7579
Bitcoin Depot Q3 2025 presentation: Strong growth amid regulatory headwinds - Investing.com India,2025-11-13 17:11:57,https://news.google.com/rss/search?q=bitcoin,0.7096
China sees American hand in $13-billion Bitcoin theft - The Economic Times,2025-11-12 19:20:23,https://news.google.com/rss/search?q=bitcoin,0.4939
Who Is Selling Bitcoin ? Why BTC Price Is Dropping ? - TradingView,2025-11-13 09:53:33,https://news.google.com/rss/search?q=bitcoin,0.0
Earnings call transcript: Bitcoin Depot Q3 2025 sees strong growth amid regulatory challenges - Investing.com India,2025-11-13 16:44:58,https://news.google.com/rss/search?q=bitcoin,0.7351
A $25 Billion Bitcoin Bet Is Fraying as Doubt Hits Big Buyers - Bloomberg.com,2025-11-12 21:38:20,https://news.google.com/rss/search?q=bitcoin,-0.3612
Bitcoin Dives Below $100K for Third Time This Month as Crypto Liquidations Top $500 Million - Yahoo Finance,2025-11-13 18:04:08,https://news.google.com/rss/search?q=bitcoin,0.2023
Bitcoin price lags behind stock rally as longest-ever US shutdown ends - Yahoo Finance UK,2025-11-13 09:46:39,https://news.google.com/rss/search?q=bitcoin,-0.3612
Bitcoin Price Dips 0.9% as Heavy Volume Breakdown Tests Key Support - CoinDesk,2025-11-13 03:19:58,https://news.google.com/rss/search?q=bitcoin,0.4019
Bitcoin Is Recovering After a Selloff. Here Come the Bullish Price Forecasts. - Investopedia,2025-11-10 21:41:32,https://news.google.com/rss/search?q=bitcoin,0.0
Bitcoin - Britannica,2025-10-31 07:00:00,https://news.google.com/rss/search?q=bitcoin,0.0
"China accuses US of $13 bn Bitcoin theft, calls it state-backed hacking - Business Standard",2025-11-13 06:47:14,https://news.google.com/rss/search?q=bitcoin,-0.34
"Bitcoin slides near $103,000 as December rate cut becomes more uncertain - theblock.co",2025-11-12 04:38:56,https://news.google.com/rss/search?q=bitcoin,-0.5563
UK sentences Chinese scammer after record-breaking Bitcoin seizure - Al Jazeera,2025-11-12 04:15:44,https://news.google.com/rss/search?q=bitcoin,0.0516
"Bitcoin Price Prediction 2025, 2026- 2030: Can BTC Hit $114,500 by November? - CoinDCX",2025-11-12 08:00:00,https://news.google.com/rss/search?q=bitcoin,0.0
"Bitcoin price today: slips to $103k as institutional flows slow, US govt reopens - Investing.com",2025-11-13 15:01:19,https://news.google.com/rss/search?q=bitcoin,0.0
"Bitcoin Slips, But XRP and Ethereum Rally. Why Crypto Volatility Is Coming Back. - Barron's",2025-11-13 09:52:00,https://news.google.com/rss/search?q=bitcoin,0.0
Bitcoin Derivatives Might Not Fully Recover From October Crash Until Q2 - Decrypt,2025-11-13 16:50:52,https://news.google.com/rss/search?q=bitcoin,-0.4019
"Bitcoin Trades Near $103,600 as Market Awaits Clearer Macro Direction - Gadgets 360",2025-11-13 10:06:27,https://news.google.com/rss/search?q=bitcoin,0.0772
"Bitcoin price today: flat at $102.5k as institutional flows slow, US govt reopens - Investing.com India",2025-11-13 06:18:32,https://news.google.com/rss/search?q=bitcoin,0.0
Bitcoin Price Prediction: Whales Pile Into BTC to Keep It Above $100K - ICOBench.com,2025-11-13 16:02:23,https://news.google.com/rss/search?q=bitcoin,0.0
Bitcoin hovers near $101K as investors book profits at higher levels - The Economic Times,2025-11-13 05:49:33,https://news.google.com/rss/search?q=bitcoin,0.4404
Bitcoin Faces a Quantum Reckoning - OneSafe,2025-11-13 16:40:53,https://news.google.com/rss/search?q=bitcoin,0.0
Bitcoin Derivatives Might Not Fully Recover From October Crash Until Q2 - Yahoo Finance,2025-11-13 16:50:52,https://news.google.com/rss/search?q=bitcoin,-0.4019
Cryptoqueen who fled China for London mansion jailed over ¬£5bn Bitcoin stash - BBC,2025-11-11 15:44:10,https://news.google.com/rss/search?q=bitcoin,-0.4939
Crypto most ‚Äòfearful‚Äô since March as Bitcoin eyes one-year lows versus gold - TradingView,2025-11-13 15:03:04,https://news.google.com/rss/search?q=bitcoin,-0.2023
Bitcoin (BTC) Macro News: December Fed Rate Cut Bets Hang in Balance - CoinDesk,2025-11-13 12:29:36,https://news.google.com/rss/search?q=bitcoin,-0.2732
"Czech central bank buys $1 million in bitcoin, other crypto assets for testing - Yahoo Finance",2025-11-13 15:51:13,https://news.google.com/rss/search?q=bitcoin,0.1779
"Bitcoin Price Plunges to $100,000 Range Ahead of U.S. Shutdown Vote - Bitcoin Magazine",2025-11-12 20:54:59,https://news.google.com/rss/search?q=bitcoin,0.0
"Bitcoin Miner Bitfarms (BITF) to Exit Bitcoin Mining, Pivot to AI Computing - Bitcoin Magazine",2025-11-13 16:29:48,https://news.google.com/rss/search?q=bitcoin,0.0
Government Removing Barriers for Bitcoin and Crypto: US Treasury Secretary - TradingView,2025-11-13 15:16:56,https://news.google.com/rss/search?q=bitcoin,0.2023
Bitcoin on Starknet? Why investors poured $276m into the layer 2 blockchain - dlnews.com,2025-11-13 17:03:04,https://news.google.com/rss/search?q=bitcoin,0.0
"Czech National Bank tests Bitcoin, crypto reserve with historic $1M buy - TradingView",2025-11-13 15:22:57,https://news.google.com/rss/search?q=bitcoin,0.0
Bitcoin Depot Inc. SEC 10-Q Report - TradingView,2025-11-13 13:13:01,https://news.google.com/rss/search?q=bitcoin,0.0
‚ÄúThe Days Of Bitcoin‚Äôs 100x And 1000x Are Over‚Äù - Forbes,2025-11-11 14:11:36,https://news.google.com/rss/search?q=bitcoin,0.0
"Bitcoin Price: Why XRP, Other Cryptos Are Dropping Today - Barron's",2025-11-12 13:35:00,https://news.google.com/rss/search?q=bitcoin,0.0
MicroStrategy Briefly Worth Less Than Its Bitcoin as Market Flags Corporate Risk - Yahoo Finance,2025-11-12 20:28:01,https://news.google.com/rss/search?q=bitcoin,-0.0516
Czech National Bank Buys Bitcoin in $1M Test Digital Asset Portfolio - Yahoo Finance,2025-11-13 15:49:52,https://news.google.com/rss/search?q=bitcoin,0.3612
Michael Saylor sees bitcoin eclipsing gold in 'digital gold rush' - Yahoo Finance,2025-11-13 14:15:23,https://news.google.com/rss/search?q=bitcoin,0.0
Bitcoin Traders Are Still Rattled After $340 Billion Wipeout - Yahoo Finance,2025-11-11 14:40:18,https://news.google.com/rss/search?q=bitcoin,0.0
"The US government shutdown is over. So why is Bitcoin‚Äôs price still trembling around $103,000? - dlnews.com",2025-11-13 11:06:44,https://news.google.com/rss/search?q=bitcoin,-0.3612
Taiwan Lawmaker Pushes Government to Consider Bitcoin Strategic Reserve - Decrypt,2025-11-13 10:45:46,https://news.google.com/rss/search?q=bitcoin,0.0
"Bitcoin Price Crash Ahead? Satoshi-Era Whale Dumps 12,000 BTC - TradingView",2025-11-13 11:52:01,https://news.google.com/rss/search?q=bitcoin,-0.6597
"‚ÄòThe Worst Outcome‚Äô‚ÄîBitcoin Suddenly Drops Under $100,000 Price As Stark Fed Warning Fuels Crash Fears - Forbes",2025-11-13 18:08:33,https://news.google.com/rss/search?q=bitcoin,-0.9001
Metaplanet posts $88M YTD net income through Q3 on Bitcoin gains - TradingView,2025-11-13 12:04:27,https://news.google.com/rss/search?q=bitcoin,0.34
Keyrock x Glassnode: Bitcoin and Ethereum as Competing Store-of-Value - Glassnode Insights,2025-11-13 14:01:11,https://news.google.com/rss/search?q=bitcoin,0.0
Czech central bank buys $1 mln in crypto assets including bitcoin for testing - TradingView,2025-11-13 12:00:10,https://news.google.com/rss/search?q=bitcoin,0.1779
"JPMorgan sees bitcoin support at $94,000, keeps $170,000 upside case intact - theblock.co",2025-11-13 15:05:46,https://news.google.com/rss/search?q=bitcoin,0.5423
Last US penny minted shows why savers need Bitcoin - TradingView,2025-11-13 16:12:00,https://news.google.com/rss/search?q=bitcoin,0.0
Hesperides University Launches World‚Äôs First Global Master in Bitcoin - Bitcoin Magazine,2025-11-13 09:00:00,https://news.google.com/rss/search?q=bitcoin,0.0
Metaplanet‚Äôs Bitcoin gains fall 39% as October crash pressures corporate treasuries - TradingView,2025-11-13 12:07:18,https://news.google.com/rss/search?q=bitcoin,-0.1779
Bitcoin‚Äôs second-largest whale accumulation fails to push BTC past $106K - TradingView,2025-11-13 12:30:58,https://news.google.com/rss/search?q=bitcoin,-0.4215
Moon or Doom: Will Ethereum Defy Bitcoin Drop and Bearish Signals? - Decrypt,2025-11-12 20:15:28,https://news.google.com/rss/search?q=bitcoin,-0.5859
MicroStrategy Buys $50 Million In Bitcoin Despite Market Turbulence - Yahoo Finance,2025-11-10 17:22:55,https://news.google.com/rss/search?q=bitcoin,0.0
Phoenix Group brings 30MW Bitcoin mining hub in Ethiopia online - Data Center Dynamics,2025-11-13 11:56:59,https://news.google.com/rss/search?q=bitcoin,0.2732
Bitcoin breaks October streak with first monthly loss since 2018 - Reuters,2025-10-31 07:00:00,https://news.google.com/rss/search?q=bitcoin,-0.3182
"Bitcoin Bottomed At $98,000, Analyst Says: Time For The Final 'Giga Blowoff Rally' - Yahoo Finance",2025-11-12 03:31:00,https://news.google.com/rss/search?q=bitcoin,0.0
Cash App‚Äôs New Feature Lets People Pay with Bitcoin ‚Äî Even If They Don‚Äôt Own Any - Bitcoin Magazine,2025-11-13 11:00:00,https://news.google.com/rss/search?q=bitcoin,-0.1027
China accuses US of carrying out $13bn bitcoin hack - Nikkei Asia,2025-11-12 06:07:00,https://news.google.com/rss/search?q=bitcoin,-0.34
"Take Profits On Bitcoin‚ÄîIt's 'Fall Season', Morgan Stanley Analyst Says - Yahoo Finance",2025-11-12 19:01:08,https://news.google.com/rss/search?q=bitcoin,0.4404
China blames U.S. for 2020 theft of $13 billion in Bitcoin - Fortune,2025-11-12 11:15:00,https://news.google.com/rss/search?q=bitcoin,-0.4019
Bitcoin Dives Below $100K for Third Time This Month as Crypto Liquidations Top $500 Million - Decrypt,2025-11-13 18:04:08,https://news.google.com/rss/search?q=bitcoin,0.2023
Are Digital Asset Treasury Stocks Oversold Amid Bitcoin's Slump? - Decrypt,2025-11-13 16:47:16,https://news.google.com/rss/search?q=bitcoin,0.5106
Bitcoin Tests Critical Support as Bearish Momentum Deepens and Long-Term Holders Unload 815K BTC: CryptoQuant - TradingView,2025-11-13 16:01:07,https://news.google.com/rss/search?q=bitcoin,0.1027
Bitcoin Holds the Line Above $100K ‚Äî but for How Long? - Investing.com,2025-11-13 13:11:00,https://news.google.com/rss/search?q=bitcoin,0.0
How the ‚ÄòDebasement Trade‚Äô Theory Could Send Bitcoin Past $150K - CCN.com,2025-11-13 15:37:44,https://news.google.com/rss/search?q=bitcoin,0.0
Bitcoin (BTC) Adoption News: Emory University Adds to Holdings - CoinDesk,2025-11-13 16:24:18,https://news.google.com/rss/search?q=bitcoin,0.0
"Bitcoin User Pays Over $105,000 in BTC to Send Just $10 - Decrypt",2025-11-11 21:56:41,https://news.google.com/rss/search?q=bitcoin,0.0
Are Digital Asset Treasury Stocks Oversold Amid Bitcoin's Slump? - Yahoo Finance,2025-11-13 16:47:16,https://news.google.com/rss/search?q=bitcoin,0.5106
Taiwan premier promises Bitcoin reserve assessment report by end of 2025 - TradingView,2025-11-13 10:19:53,https://news.google.com/rss/search?q=bitcoin,0.3818
Chinese fraud mastermind jailed in UK for laundering bitcoin - Reuters,2025-11-11 18:17:40,https://news.google.com/rss/search?q=bitcoin,-0.7906
"Cryptocurrencies Price Prediction: Bitcoin, Quant & Crypto ‚Äì European Wrap 13 November - FXStreet",2025-11-13 12:18:02,https://news.google.com/rss/search?q=bitcoin,0.0
Is Bitcoin a Commodity? Global Perspectives Explained - EBC Financial Group,2025-11-13 06:52:00,https://news.google.com/rss/search?q=bitcoin,0.0
"Bitcoin ‚ÄúArguably Undervalued,‚Äù Says Analytics Firm: Here‚Äôs Why - TradingView",2025-11-13 04:00:00,https://news.google.com/rss/search?q=bitcoin,0.0
"Bitcoin, Ether, Solana, Cardano, XRP Bulls Await Mega Buying Spree from Trump‚Äôs $2000 Stimulus Checks - TradingView",2025-11-13 15:25:23,https://news.google.com/rss/search?q=bitcoin,0.1027
ChatGPT-5 Predicts Crypto Bullrun Kickoff ‚Äì Bitcoin Hyper Emerges as a Surprise Leader - ICOBench.com,2025-11-13 11:02:02,https://news.google.com/rss/search?q=bitcoin,0.2732
Cowan: Tokenization Now Independent of Bitcoin Price Volatility - CoinCentral,2025-11-13 15:54:34,https://news.google.com/rss/search?q=bitcoin,0.0
Chinese Bitcoin Fraudster Jailed After Huge UK Crypto Seizure - Bloomberg.com,2025-11-11 16:41:28,https://news.google.com/rss/search?q=bitcoin,-0.6597
"Asia Market Open: Bitcoin Steady, Stocks Mixed as Trump Signs Bill to Reopen US Government - TradingView",2025-11-13 04:18:00,https://news.google.com/rss/search?q=bitcoin,0.0
Bitcoin Shaken by Long-Term Holders Dumping $45 Billion - Bloomberg.com,2025-11-05 08:00:00,https://news.google.com/rss/search?q=bitcoin,-0.3818
"Jack Dorsey Expands Cash App: Send Dollars, Receive Bitcoin Through Lightning Network - TradingView",2025-11-13 12:13:12,https://news.google.com/rss/search?q=bitcoin,0.1027
China Accuses US Of $13 Billion Bitcoin 'State-Backed Crypto Heist' - Yahoo Finance,2025-11-11 19:31:07,https://news.google.com/rss/search?q=bitcoin,-0.34
Infamous Satoshi-Era Billionaire Unleashes $244 Million Bitcoin Deposit on Major US Exchange - TradingView,2025-11-13 09:31:00,https://news.google.com/rss/search?q=bitcoin,0.0
Will Bitcoin Price Dip Below $100k This Week? - TradingView,2025-11-13 06:03:00,https://news.google.com/rss/search?q=bitcoin,0.0
"Bitcoin Aims For $125K As Whales Eye Pepeto Presale, Here‚Äôs Why - Outlook India",2025-11-13 05:18:44,https://news.google.com/rss/search?q=bitcoin,0.0
"Bitcoin drops under $100K, triggering $117M in long liquidations in one hour - Crypto Briefing",2025-11-13 18:04:29,https://news.google.com/rss/search?q=bitcoin,0.0
Best Crypto to Buy Now? Bitcoin Whales Accumulate While BlockchainFX Presale Surges Past $11.1M - BlockchainReporter,2025-11-13 16:00:23,https://news.google.com/rss/search?q=bitcoin,0.6369
Czech central bank buys $1 million in Bitcoin and other cryptocurrencies - Fortune,2025-11-13 18:48:36,https://news.google.com/rss/search?q=bitcoin,0.0
Bitcoin traders are still rattled after $340 billion wipeout - Fortune,2025-11-11 15:02:54,https://news.google.com/rss/search?q=bitcoin,0.0
"Bitcoin Plummets Below $99,000 - ForkLog",2025-11-13 18:48:36,https://news.google.com/rss/search?q=bitcoin,0.0
"Analysts Say Bitcoin Hyper, XRP, Render Are the Next Cryptos to Explode in 2025: Which Will Pump Highest? - CryptoDnes.bg",2025-11-13 18:38:27,https://news.google.com/rss/search?q=bitcoin,0.0
"Czech Central Bank First to Hold Bitcoin, Tests $1 Million Portfolio, Adds Coinbase Shares - TradingView",2025-11-13 16:52:23,https://news.google.com/rss/search?q=bitcoin,0.296
Georgia-based university buys $51M in Bitcoin - Yahoo Finance,2025-11-13 18:45:32,https://news.google.com/rss/search?q=bitcoin,0.0
Ethereum Whales on Buying Spree As Crypto Market Pulls Back - Decrypt,2025-11-11 20:28:38,https://news.google.com/rss/search?q=ethereum,0.0
Ethereum (ETH) Price Risks Another Breakdown As Bearish Momentum Builds - CCN.com,2025-11-13 10:32:15,https://news.google.com/rss/search?q=ethereum,-0.2732
"Ethereum Is ‚ÄòThe Infrastructure‚Äô for Wall Street, Says Former BlackRock Executive - CoinDesk",2025-11-11 21:54:14,https://news.google.com/rss/search?q=ethereum,0.0
"Fake Chrome Extension ""Safery"" Steals Ethereum Wallet Seed Phrases Using Sui Blockchain - The Hacker News",2025-11-13 13:04:00,https://news.google.com/rss/search?q=ethereum,-0.7506
Major Ethereum Upgrade Scheduled for December - TradingView,2025-11-12 21:21:43,https://news.google.com/rss/search?q=ethereum,0.0
"‚ÄòRich Dad Poor Dad‚Äô author sets new Bitcoin, Ethereum, gold price targets - TheStreet",2025-11-10 18:46:48,https://news.google.com/rss/search?q=ethereum,-0.4767
"Top 3 Price Prediction: Bitcoin, Ethereum, Ripple ‚Äì BTC, ETH, and XRP face pullbacks after key resistance rejections - FXStreet",2025-11-12 04:12:43,https://news.google.com/rss/search?q=ethereum,-0.3182
Zero Knowledge Proof‚Äôs (ZKP) $100M Network Makes it the Top Crypto Asset as ETH & Pi Could Dump Hard - ThePrint,2025-11-13 05:18:19,https://news.google.com/rss/search?q=ethereum,0.0772
Chrome Extension Threat Enables Full Ethereum Wallet Compromise - Cyber Press,2025-11-13 13:47:07,https://news.google.com/rss/search?q=ethereum,-0.5267
"Ethereum Price Prediction 2025-2030: Can ETH Reach $3,900 by November? - CoinDCX",2025-11-12 08:00:00,https://news.google.com/rss/search?q=ethereum,0.0258
Ethereum Layer-2 RISE Unveils RISEx and MarketCore to Build Global On-Chain Markets - CoinDesk,2025-11-13 14:00:56,https://news.google.com/rss/search?q=ethereum,0.0
"Ethereum price prediction: $38 million outflows mark accumulation shift as ETH targets $3,900 breakout - Traders Union",2025-11-13 08:18:13,https://news.google.com/rss/search?q=ethereum,0.0
"Ethereum Price Forecast - ETH-USD Falls to $3,277.94 as Breakdown Intensifies and Whales Accumulate - TradingNEWS",2025-11-13 17:59:44,https://news.google.com/rss/search?q=ethereum,0.0
21shares launches two US crypto index ETFs - Reuters,2025-11-13 14:57:58,https://news.google.com/rss/search?q=ethereum,0.0
"Ethereum Ready To Explode To $12,000 By January, Says Tom Lee - TradingView",2025-11-12 09:00:32,https://news.google.com/rss/search?q=ethereum,0.3612
"Ethereum drops another 3% below $3,500 ‚Äì Time for panic or opportunity? - Bitget",2025-11-13 01:51:33,https://news.google.com/rss/search?q=ethereum,-0.128
What is the current state of Ethereum reserves on exchanges? - OneSafe,2025-11-13 04:12:20,https://news.google.com/rss/search?q=ethereum,0.0
Moon or Doom: Will Ethereum Defy Bitcoin Drop and Bearish Signals? - Crypto Adventure,2025-11-13 11:11:52,https://news.google.com/rss/search?q=ethereum,-0.3612
"Ethereum Is ‚ÄòThe Infrastructure‚Äô for Wall Street, Says Former BlackRock Executive - Yahoo Finance",2025-11-11 21:53:34,https://news.google.com/rss/search?q=ethereum,0.0
Malicious Chrome Extension Grants Full Control Over Ethereum Wallet - gbhackers.com,2025-11-13 09:33:45,https://news.google.com/rss/search?q=ethereum,0.2263
Ethereum & Dogecoin Can't Match Zero Knowledge Proof Potential: The Top Trending Crypto with a Live Whitelist! - openPR.com,2025-11-13 16:20:20,https://news.google.com/rss/search?q=ethereum,0.2714
"Ozak AI Outpaces Broader Market Trends, Maintaining Strong Growth Despite Bitcoin and Ethereum Pullback - ThePrint",2025-11-13 12:50:57,https://news.google.com/rss/search?q=ethereum,0.7096
Ethereum Whales Snap Up $1.6 Billion ETH As Selling Declines - Yahoo Finance,2025-11-13 13:03:54,https://news.google.com/rss/search?q=ethereum,0.0
Tom Lee‚Äôs Ethereum Price Forecast Dismantled | US Crypto News - Yahoo Finance,2025-11-10 14:52:44,https://news.google.com/rss/search?q=ethereum,0.0
"Crypto Today: Bitcoin, Ethereum, XRP extend recovery on Thursday - FXStreet",2025-11-13 11:57:58,https://news.google.com/rss/search?q=ethereum,0.1779
Bitcoin and Ethereum Enter Volatile Phase While Blazpay Presale ICO Surges Past $1.3M - CoinCentral,2025-11-13 10:30:38,https://news.google.com/rss/search?q=ethereum,0.0
Ethereum Price Prediction and Analysis - ZebPay,2025-11-06 11:37:30,https://news.google.com/rss/search?q=ethereum,0.0
"Google‚Äôs AI Gemini Predicts Price of Ethereum, XRP, Cardano by End of 2025 - CryptoDnes.bg",2025-11-12 18:47:47,https://news.google.com/rss/search?q=ethereum,0.0
"Ethereum Spot Order Activity Hints at Institutional Re-Entry, Analysts Claim - Decrypt",2025-11-11 06:03:09,https://news.google.com/rss/search?q=ethereum,0.0
Forecast update for Ethereum -13-11-2025 - Economies.com,2025-11-13 11:19:00,https://news.google.com/rss/search?q=ethereum,0.0
Whales hoover up $360m of Ethereum on the dip - ForkLog,2025-11-13 10:29:38,https://news.google.com/rss/search?q=ethereum,0.0
3 Most Promising Coins In 2025 Being Compared To Ethereum (ETH) In 2016 - FinanceFeeds,2025-11-13 16:19:55,https://news.google.com/rss/search?q=ethereum,0.4576
Legal Storm Brews Over Ethereum Exploit - OneSafe,2025-11-13 03:07:52,https://news.google.com/rss/search?q=ethereum,0.0258
Which Crypto To Buy Now As Ethereum (ETH) and Mutuum Finance (MUTM) Battle for Top Crypto Spot - Cryptopolitan,2025-11-13 18:34:00,https://news.google.com/rss/search?q=ethereum,-0.2023
Is Ethereum a Millionaire-Maker? - Yahoo Finance,2025-11-12 11:45:00,https://news.google.com/rss/search?q=ethereum,0.0
SharpLink Gaming Bets Big On Ethereum And Shareholders - Finimize,2025-11-13 00:56:54,https://news.google.com/rss/search?q=ethereum,0.0
"Top Base DEX Aerodrome launches upgrade suite, expands to Ethereum and Circle‚Äôs Arc - theblock.co",2025-11-12 20:35:02,https://news.google.com/rss/search?q=ethereum,0.296
Ethereum Price to $10K+ by 2030? Must-See Presales & Binance Listings Exploding in 2025 - CoinCentral,2025-11-13 15:36:19,https://news.google.com/rss/search?q=ethereum,0.0
"Ethereum whale stacks $1.3B in ETH, fueling $4K recovery hopes - Bitget",2025-11-13 00:36:22,https://news.google.com/rss/search?q=ethereum,0.4215
Ethereum's Volatility: Navigating Financial Strategies for SMEs in the Crypto Era - OneSafe,2025-11-12 16:47:14,https://news.google.com/rss/search?q=ethereum,0.0
"Solana, Ethereum Gain Growth Appeal as Bitcoin Holds Lead - ETF Database",2025-11-10 20:07:32,https://news.google.com/rss/search?q=ethereum,0.7184
Ethereum Price Prediction: BlackRock and Fidelity Are Betting Big ‚Äì Are They Preparing for a Massive ETH Move? - Cryptonews,2025-11-12 23:25:00,https://news.google.com/rss/search?q=ethereum,0.0
Ethereum Treasury News: BitMine (BMNR) Keeps Buying Ether (ETH) - CoinDesk,2025-11-10 15:28:26,https://news.google.com/rss/search?q=ethereum,0.2023
How the Next Ethereum Could Help You Retire a Millionaire - Yahoo Finance,2025-11-10 11:30:00,https://news.google.com/rss/search?q=ethereum,0.4019
Zero Knowledge Proof‚Äôs $100M Network Positions It Among Top Crypto Assets as Ethereum & Pi Face New Challenges - BlockchainReporter,2025-11-13 17:42:22,https://news.google.com/rss/search?q=ethereum,0.4215
Ethereum Key Price Levels Hint at a Possible Surge Ahead - Altcoin Buzz,2025-11-13 08:41:01,https://news.google.com/rss/search?q=ethereum,0.0
"Attention Bitcoin, Ethereum, Solana Traders! Avoid Overtrading, Wait For These Clear Levels - Benzinga",2025-11-13 13:23:42,https://news.google.com/rss/search?q=ethereum,0.1759
Vitalik Buterin Cheers: Ethereum DeFi is Coming For Your Saving Accounts - 99Bitcoins,2025-11-13 12:12:03,https://news.google.com/rss/search?q=ethereum,0.4767
"Ethereum price falls 3%, drops below $3500 ‚Äì what are the reasons behind the fall? - The Economic Times",2025-11-04 08:00:00,https://news.google.com/rss/search?q=ethereum,0.0
"Can Ethereum Break $4,000 as Holders Return to Profit? - Analytics Insight",2025-11-13 10:05:55,https://news.google.com/rss/search?q=ethereum,0.4404
Key facts: Bitmine to Launch Ethereum Upgrade; Analysts See Investor Shift - TradingView,2025-11-13 00:05:00,https://news.google.com/rss/search?q=ethereum,0.0
This Ethereum (ETH) Meme Coin Could 100x Your Capital Like Dogecoin (DOGE) and PEPE Coin (PEPE) Did for Early Buyers - Analytics Insight,2025-11-13 17:00:00,https://news.google.com/rss/search?q=ethereum,0.3612
Next Crypto to Explode: Ethereum Gone? $APEING‚Äôs Your Shot - CoinCentral,2025-11-13 17:15:55,https://news.google.com/rss/search?q=ethereum,0.0
Injective breaks down walls between Ethereum and Cosmos with its EVM - Bitget,2025-11-11 22:06:18,https://news.google.com/rss/search?q=ethereum,0.0
"Ethereum, the future of Wall Street according to a former BlackRock bigwig - Cointribune",2025-11-13 07:05:00,https://news.google.com/rss/search?q=ethereum,0.0
"Crypto With Most Potential? As Ethereum & Cronos Lose Ground, Blockchainfx Super App Could Change Trading Forever - FinanceFeeds",2025-11-13 10:00:36,https://news.google.com/rss/search?q=ethereum,0.296
"Ethereum Price Prediction: On-Chain Data Turns Bullish As ETH Targets $5,000 In Q1 2026 - Cryptopolitan",2025-11-13 11:18:00,https://news.google.com/rss/search?q=ethereum,0.0
"Bitcoin Drops to $106K, Ethereum Slips to $3,700‚ÄîYet Ozak AI Presale Soars Beyond $4.56M - Analytics Insight",2025-11-13 10:31:58,https://news.google.com/rss/search?q=ethereum,0.0
Ethereum Updates Today: DeFi's Quest for Stability: Is It Buterin's Dream or a Traditional Finance Trap? - Bitget,2025-11-12 07:44:23,https://news.google.com/rss/search?q=ethereum,-0.0772
How the Next Ethereum Could Help You Retire a Millionaire - The Motley Fool,2025-11-10 11:30:00,https://news.google.com/rss/search?q=ethereum,-0.0516
"Ethereum DeFi Is Now Safe Enough to Rival Banks, Says Buterin - Cryptonews",2025-11-13 18:28:38,https://news.google.com/rss/search?q=ethereum,0.4404
"News Explorer ‚Äî Bitcoin, Ethereum Prices Dip as Traders Await US Jobs Data - Decrypt",2025-11-03 03:55:22,https://news.google.com/rss/search?q=ethereum,0.1027
Traders Shift From Ethereum And Aster Toward Zero Knowledge Proof (ZKP) After Its Whitelist Opens Globally - BlockchainReporter,2025-11-13 15:26:05,https://news.google.com/rss/search?q=ethereum,0.0
"SharpLink‚Äôs Ethereum Bet Pays Off: Massive Q3 Profit and 1,100% Revenue Jump - BeInCrypto",2025-11-13 04:30:00,https://news.google.com/rss/search?q=ethereum,0.4404
Crypto Analysts Are Watching Zero Knowledge Proof‚Äôs ICA Amid Ethereum and Chainlink Price Outlook in 2025 - DailyCoin,2025-11-13 17:00:00,https://news.google.com/rss/search?q=ethereum,0.0
Ethereum Price Forecast: Whales accelerate buying pressure amid price weakness - FXStreet,2025-11-12 21:52:05,https://news.google.com/rss/search?q=ethereum,-0.6124
Ethereum Whales Buy Big Amid Price Drop: What Are They Planning Next? - CoinCentral,2025-11-13 17:33:47,https://news.google.com/rss/search?q=ethereum,-0.2732
"Ethereum‚Äôs December ‚ÄòFusaka‚Äô Upgrade: 8√ó L2 Scale, 60M Gas Default, 16.7M Tx Cap - CryptoNinjas",2025-11-13 15:46:59,https://news.google.com/rss/search?q=ethereum,0.3612
Ethereum Price Prediction: ETH Set For Parabolic Rally As Network Activity Surges With Projects Like Remittix Going Viral - Cryptopolitan,2025-11-13 12:20:00,https://news.google.com/rss/search?q=ethereum,0.3612
Ethereum Foundation Unveils Trustless Manifesto - Yahoo Finance,2025-11-13 14:19:59,https://news.google.com/rss/search?q=ethereum,-0.5106
"‚ÄòDefi as a form of savings is finally viable‚Äô: Vitalik Buterin talks Ethereum scaling, financial freedom and protocol security - theblock.co",2025-11-12 23:06:32,https://news.google.com/rss/search?q=ethereum,0.765
BitMine's share of Ethereum supply hits 2.9% as firm's ETH holdings pass 3.5 million - theblock.co,2025-11-10 17:19:27,https://news.google.com/rss/search?q=ethereum,0.296
"Ethereum-holding SharpLink Q3 revenue surges by 1,100% on the back of crypto rally - Cryptopolitan",2025-11-13 06:47:00,https://news.google.com/rss/search?q=ethereum,0.0
Bitcoin and Ethereum Lose Spotlight as These 4 Cheap Coins See Huge Inflows from Big Investors - Analytics Insight,2025-11-13 10:30:00,https://news.google.com/rss/search?q=ethereum,-0.1027
Ethereum‚Äôs $200B tokenized asset base backs analysts‚Äô calls for higher ETH price - TradingView,2025-11-11 17:47:11,https://news.google.com/rss/search?q=ethereum,0.3182
"Best Crypto for 2025: Zero Knowledge Proof Leads the Charge, Solana, Ethereum & Filecoin Fall Behind - Blockonomi",2025-11-13 16:00:02,https://news.google.com/rss/search?q=ethereum,0.6369
"Quantum deep learning-enhanced ethereum blockchain for cloud security: intrusion detection, fraud prevention, and secure data migration - Nature",2025-11-05 08:00:00,https://news.google.com/rss/search?q=ethereum,0.0
"An address associated with Ethereum co-founder Taylor Gerring received 4,544 ETH nine hours ago. - Bitget",2025-11-12 09:38:35,https://news.google.com/rss/search?q=ethereum,0.0
Ethereum price analysis: ETH ‚Äòseconds away‚Äô from breakout toward $4.4K - Bitget,2025-11-12 02:03:12,https://news.google.com/rss/search?q=ethereum,0.0
"Bitcoin, Ethereum, and XRP All Slide. The Next Move for Crypto Depends on This. - Barron's",2025-11-11 10:14:00,https://news.google.com/rss/search?q=ethereum,0.0
Solana News Update: Solana Applications Surpass Ethereum as Meme Coins Lose Momentum - Bitget,2025-11-11 18:40:18,https://news.google.com/rss/search?q=ethereum,-0.4019
Vitalik Buterin Talks Ethereum Scaling and the Future of DeFi Savings - CoinCentral,2025-11-13 06:49:10,https://news.google.com/rss/search?q=ethereum,0.0
Bitcoin and Ethereum ETFs Shed More Than $1.1 Billion Globally Last Week - Decrypt,2025-11-10 15:05:11,https://news.google.com/rss/search?q=ethereum,0.0
"Is Ethereum ready to surge to $4,200? - InvestX",2025-11-13 11:02:00,https://news.google.com/rss/search?q=ethereum,0.3612
Leading DEXs on Base and OP will merge and expand deployment to Arc and Ethereum - Bitget,2025-11-12 20:43:05,https://news.google.com/rss/search?q=ethereum,0.3182
Ethereum co-founder Taylor Gerring receives staggering $15.41M ETH windfall - CryptoRank,2025-11-13 02:53:19,https://news.google.com/rss/search?q=ethereum,0.0
Bitcoin Holds Above $103K as Crypto Market Eyes Next Rally; Ethereum and XRP Consolidate Midweek - TradingView,2025-11-12 08:44:16,https://news.google.com/rss/search?q=ethereum,0.0
"Ethereum Price Prediction: Bulls Eye $4,000 as BitMine Expands With $400M ETH Purchase - ICOBench.com",2025-11-12 09:56:31,https://news.google.com/rss/search?q=ethereum,0.1027
"Ethereum Price At Crossroads: $3,532 Support Or $3,326 Slide? - Bitget",2025-11-12 04:48:28,https://news.google.com/rss/search?q=ethereum,0.4019
"Bitcoin, XRP, Ethereum Gain As US Shutdown Ends ‚Äì Japan Eyes Curbs On Crypto Treasury Firms - MSN",2025-11-13 08:46:00,https://news.google.com/rss/search?q=ethereum,0.6369
"Crypto Is Now A Viable Form Of Savings, Says Ethereum Founder Vitalik Buterin - blockzeit.com",2025-11-13 15:41:53,https://news.google.com/rss/search?q=ethereum,0.0
Ethereum Updates Today: Does MEV Manipulation Constitute Cheating or Legitimate Strategy? Crypto Lawsuit Moves Toward Retrial - Bitget,2025-11-12 04:22:18,https://news.google.com/rss/search?q=ethereum,-0.7717
"Bitcoin Surges to $104K, Ethereum Climbs to $3.6K Amid ETF Inflows Surge: EV2 Presale Ignites ‚Äì Web3 Gaming‚Äôs High-Convexity Bet vs. L1 Giants? - BlockchainReporter",2025-11-12 22:00:31,https://news.google.com/rss/search?q=ethereum,0.0
"Ethereum ETH/USD price history up to Nov 4, 2025 - Statista",2025-11-05 08:00:00,https://news.google.com/rss/search?q=ethereum,0.0
Philipp R√ºmmer receives academic grant from the Ethereum Foundation - Uppsala universitet,2025-11-11 13:47:52,https://news.google.com/rss/search?q=ethereum,0.3612
Quantum risk to the Ethereum blockchain - a bump in the road or a brick wall? - Deloitte,2025-08-05 18:37:08,https://news.google.com/rss/search?q=ethereum,-0.2732
Ethereum validator count falls to April 2024 levels‚Ä¶exit queue at record high - bloomingbit,2025-11-13 02:44:27,https://news.google.com/rss/search?q=ethereum,0.0
"Bitcoin Slips, but XRP and Ethereum Rally. Why Crypto Volatility Is Coming Back. - MSN",2025-11-13 10:13:45,https://news.google.com/rss/search?q=ethereum,0.0
Malicious Chrome Extension Grants Full Control Over Ethereum Wallet - GBHackers News,2025-11-13 09:33:45,https://news.google.com/rss/search?q=ethereum,0.2263
Bitcoin Collapses Below $2 Trillion,2025-11-13 19:13:22,utoday,-0.296
SKY Signals Potential Rally Amid $94M TVL Surge and Bullish Derivatives Outlook,2025-11-13 19:12:53,coinotag,0.0
EU Advances Customs Fees on Shein and Temu Imports by 2026 to Address Trade Imbalance,2025-11-13 19:11:10,coinotag,0.0
"4,720,000,000 DOGE Bought in 2 Weeks: Are Whales Fueling a Rally?",2025-11-13 19:10:16,cryptopotato,0.0
Federal Reserve Alert: Why Musalem‚Äôs Surprising Caution on Interest Rates Matters Now,2025-11-13 19:10:11,bitcoinworld,0.7506
"Google DeepMind Debuts SIMA 2, Smarter AGI Agent Powered by Gemini",2025-11-13 19:06:16,bitdegree,0.4588
Forecasts Now Vary Widely as the Odds Shift for the Fed‚Äôs December Interest Rate Decision ‚Äì Here Are the Latest Data,2025-11-13 19:06:09,bitcoinsistemi,0.4588
Dark Defender: XRP Is Ready for a Break. Here‚Äôs the Signal,2025-11-13 19:05:33,timestabloid,0.4404
Futures Liquidated: Shocking $195 Million Wiped Out in One Hour,2025-11-13 19:05:15,bitcoinworld,-0.4019
Here‚Äôs Why Ethereum Fusaka Upgrade Might Trigger The Next Explosive Leg Up For ETH,2025-11-13 19:00:48,bitcoinist,0.0
Bindwell Raises $6 Million to Modernize Pest Control with AI,2025-11-13 19:00:48,bitdegree,0.0
EU looks to stop tax-free rule on packages under 150 euros starting in 2026; Shein and Temu could take a hit,2025-11-13 19:00:12,cryptopolitan,-0.296
Bitcoin Leverage Cooldown Signals Market Reset: OI Drops 21% As Excess Risk Is Flushed Out,2025-11-13 19:00:10,newsbtc,-0.2732
SKY crypto rallies amid $94M TVL boost ‚Äì But is a pullback next?,2025-11-13 19:00:10,ambcrypto,0.2144
"21Shares Launches 1940 Act Crypto Index ETFs, Potentially Boosting Bitcoin Investor Confidence",2025-11-13 18:59:36,coinotag,0.6908
Surging Selloff Volume Triggers Technical Breakdown,2025-11-13 18:58:36,cointurken,0.0
VIX Fear Gauge Skyrockets: Wall Street‚Äôs Critical 21 Level Breached Amid Market Turmoil,2025-11-13 18:55:11,bitcoinworld,-0.7906
Chainlink Breaks Below $14.50 Amid Broader Selloff; Reserve Adds 74K LINK Despite Losses,2025-11-13 18:55:03,coindesk,0.3089
SEC Chair Paul Atkins Proposes Token Taxonomy for Classifying Crypto Assets,2025-11-13 18:53:06,coinotag,0.1779
POPCAT Trader‚Äôs $3 Million Stunt Triggers $5 Million Hyperliquid Fallout,2025-11-13 18:52:58,bitdegree,0.0
"Silent Since 2016, Vintage Bitcoin Wallet Suddenly Moves Hundreds of Coins",2025-11-13 18:51:04,bitcoin.com,0.0
"Crypto weakness drags down Coinbase, Robinhood, miners, others",2025-11-13 18:51:04,seekingalpha,-0.5423
Discovery Bank to Introduce Bitcoin Trading in App via Luno Partnership in 2025,2025-11-13 18:50:28,coinotag,0.0
UNDP Expands Global Blockchain Academy to Train Thousands in Emerging Tech,2025-11-13 18:48:42,timestabloid,0.1027
Bitcoin drops below $100K as market selloff intensifies,2025-11-13 18:47:02,seekingalpha,0.0
"U.S. stocks sink as post-shutdown optimism fades, rate cut odds fall below 50%",2025-11-13 18:45:37,seekingalpha,0.34
"A Chinese AI firm, INF Tech, is using 2,300 Nvidia Blackwell chips hosted in an Indonesian cloud facility",2025-11-13 18:45:34,cryptopolitan,0.0
Bitcoin falls to $98K as futures liquidations soar: Should bulls expect a bounce?,2025-11-13 18:45:28,cointelegraph,0.0
21Shares launches crypto index ETFs under SEC‚Äôs Act 40,2025-11-13 18:42:33,cointelegraph,0.0
"Bitcoin Price Plummets: BTC Crashes Below $99,000 Mark",2025-11-13 18:40:10,bitcoinworld,0.0
"Why Is Bitcoin‚Äôs Price Falling? It Even Dropped Below $99,000 ‚Äì Big Bull Cathie Wood Explains",2025-11-13 18:37:08,bitcoinsistemi,-0.1531
MoonPay Launches Enterprise Stablecoin Platform to Enable Custom Digital Dollars,2025-11-13 18:32:34,coinotag,0.0
CryptoQuant data shows long-term holders of Bitcoin are selling hard,2025-11-13 18:30:33,cryptopolitan,-0.1027
Bitcoin Diehard Jack Dorsey Leans Into Stablecoin-Payments Boom,2025-11-13 18:30:31,bloomberg_crypto_,0.0
Crucial Balance Sheet Expansion: Fed‚Äôs Bold Move to Boost Market Liquidity,2025-11-13 18:30:12,bitcoinworld,0.6486
Developers Take Action on Altcoin with Major Price Drop: They‚Äôre Initiating Buybacks,2025-11-13 18:30:09,bitcoinsistemi,-0.3353
Cryptocurrency Market Endures Prolonged Downturn: Insights and Expectations,2025-11-13 18:30:06,cointurken,0.0
Which Crypto To Buy Now As Ethereum (ETH) and Mutuum Finance (MUTM) Battle for Top Crypto Spot,2025-11-13 18:30:00,cryptopolitan,-0.2023
Vitalik Buterin Says Ethereum DeFi Now Rivals Banks ‚Äî On-Chain Savings Finally Safe,2025-11-13 18:28:38,cryptonews,0.4404
Trump Price Prediction as New Epstein Allegations Emerge ‚Äì Is the Meme Coin Going to $0?,2025-11-13 18:27:50,cryptonews,0.0
"Bitcoin Whales Accumulate Amid Long-Term Holder Sell-Off, Price Faces $100K Test",2025-11-13 18:26:10,coinotag,0.0
US Dollar Reserves: EU‚Äôs Bold Move to Protect Against Political Uncertainty,2025-11-13 18:25:11,bitcoinworld,0.4215
Tether Aids Thai and U.S. Authorities in $12M USDT Recovery from Southeast Asia Scam,2025-11-13 18:24:13,coinotag,-0.5719
BTC Steadies Over $100K: Sign of Maturity While ‚ÄòMoonvember‚Äô Buzz Builds,2025-11-13 18:24:09,cryptopotato,0.0
Tether aids authorities in the arrest of 73 suspects linked to crypto crimes,2025-11-13 18:16:24,cryptopolitan,-0.5859
XRP Price Prediction: First U.S. Spot XRP ETF Launches With $26M Volume in 30 Minutes,2025-11-13 18:13:34,cryptonews,0.0
Developer Flags Major Risks in Proposed Bitcoin Reduced Data Soft Fork,2025-11-13 18:12:00,bitcoin.com,-0.3384
"Bitcoin Dips Below $100,000 for Third Time This Month Amid Economic Concerns",2025-11-13 18:11:28,coinotag,0.0
Bitcoin whales accumulate 45K BTC as long-term holders dump 815K,2025-11-13 18:11:00,ambcrypto,-0.3818
Discover CryptoAppsy: Your Essential Tool for Navigating the Cryptocurrency Market,2025-11-13 18:10:29,cointurken,0.0
BNY launches money market fund to hold reserves for US stablecoin issuers,2025-11-13 19:18:26,cointelegraph,0.0
Traders Rush to Adapt as Crypto Markets Face Turbulence,2025-11-13 19:20:05,cointurken,0.0
"Retail Mood Sours Amid Crypto Selloff, Flashing Short-Term Bottom Signals for BTC, ETH, XRP",2025-11-13 19:06:18,coindesk,0.0
Crypto Markets Face Pessimism as Opportunities Emerge,2025-11-13 19:28:37,cointurken,0.0258
2025‚Äôs best crypto presale analysis: Why Digitap ($TAP) is beating BlockchainFX and Maxi Doge,2025-11-13 19:30:04,ambcrypto,0.296
Bitdeer announces plan to offer $400 million principal amount of convertible senior notes due 2031,2025-11-13 19:15:30,cryptopolitan,0.0
"Strategy Plunges to Weakest in 13 Months, but Still Trades at Premium to Bitcoin Holdings",2025-11-13 19:34:10,coindesk,-0.2846
